{
  "accuracy": 0.9373333333333334,
  "precision": 0.9477503628447025,
  "recall": 0.9184247538677919,
  "f1_score": 0.9328571428571428,
  "roc_auc": 0.9893632381960822,
  "training_samples": 3500,
  "test_samples": 1500,
  "positive_samples": 2378,
  "feature_count": 15,
  "feature_importance": {
    "temperature_current": 0.8047700875479583,
    "temperature_trend": -0.09753648339932589,
    "temperature_volatility": 0.26415006722344125,
    "temperature_accumulation": 0.010971429113021406,
    "temperature_moving_avg": -0.77881910707657,
    "vibration_current": 0.37177901854760836,
    "vibration_trend": -0.5594842789807681,
    "vibration_volatility": -0.42747005277755157,
    "vibration_accumulation": 4.135175524733793,
    "vibration_moving_avg": 1.646598120808067,
    "pressure_current": 0.2977779321135266,
    "pressure_trend": 0.1686999559780747,
    "pressure_volatility": 0.29608774406405264,
    "pressure_accumulation": 0.10653109070513243,
    "pressure_moving_avg": -0.17318171923274117
  },
  "model_loaded": true,
  "trained_at": "2026-04-29T15:38:36.779473"
}