{
  "accuracy": 0.922,
  "precision": 0.9359165424739195,
  "recall": 0.8945868945868946,
  "f1_score": 0.9147851420247632,
  "roc_auc": 0.9822240787153068,
  "training_samples": 3500,
  "test_samples": 1500,
  "positive_samples": 2380,
  "feature_count": 15,
  "feature_importance": {
    "temperature_current": 0.935634777657593,
    "temperature_trend": -0.24833823943280928,
    "temperature_volatility": -0.5868269945595715,
    "temperature_accumulation": 0.19721890146669788,
    "temperature_moving_avg": -1.0094895676069457,
    "vibration_current": 0.28901917403402966,
    "vibration_trend": -0.6055670716527776,
    "vibration_volatility": -0.25678698344128664,
    "vibration_accumulation": 3.1044171777365395,
    "vibration_moving_avg": 1.479014797785716,
    "pressure_current": -0.27788937537629704,
    "pressure_trend": 0.2211818470726249,
    "pressure_volatility": 0.1819736876760205,
    "pressure_accumulation": 0.456211446130381,
    "pressure_moving_avg": 0.004494345414756419
  },
  "model_loaded": true,
  "trained_at": "2026-04-29T15:38:35.516687"
}