{"accuracy": 0.971, "precision": 0.5333333333333333, "recall": 0.26666666666666666, "f1_score": 0.35555555555555557, "roc_auc": 0.9718900343642611, "training_samples": 5000, "model_loaded": true}