{
  "accuracy": 0.946,
  "precision": 0.9587628865979382,
  "recall": 0.9247159090909091,
  "f1_score": 0.9414316702819957,
  "roc_auc": 0.9896963510735495,
  "training_samples": 3500,
  "test_samples": 1500,
  "positive_samples": 2385,
  "feature_count": 15,
  "feature_importance": {
    "temperature_current": 0.4496211795125767,
    "temperature_trend": -0.06171972826896612,
    "temperature_volatility": -0.03266442178095721,
    "temperature_accumulation": 0.13498995552716403,
    "temperature_moving_avg": -0.5499503681306107,
    "vibration_current": 0.2797251531535905,
    "vibration_trend": -0.40109874154272857,
    "vibration_volatility": -0.4617548846764585,
    "vibration_accumulation": 3.7989132695809236,
    "vibration_moving_avg": 1.2802236724909286,
    "pressure_current": 0.6499735400429438,
    "pressure_trend": 0.5818131589220767,
    "pressure_volatility": -0.1565562420858875,
    "pressure_accumulation": 0.07601634144765172,
    "pressure_moving_avg": -0.6191688322125577
  },
  "model_loaded": true,
  "trained_at": "2026-04-29T15:38:38.996053"
}