{
  "accuracy": 0.9466666666666667,
  "precision": 0.9462809917355371,
  "recall": 0.9436813186813187,
  "f1_score": 0.9449793672627235,
  "roc_auc": 0.9917066418037921,
  "training_samples": 3500,
  "test_samples": 1500,
  "positive_samples": 2358,
  "feature_count": 15,
  "feature_importance": {
    "temperature_current": 0.7640258191187984,
    "temperature_trend": -0.02822699467319948,
    "temperature_volatility": 0.20386781072320218,
    "temperature_accumulation": 0.19126875380677988,
    "temperature_moving_avg": -0.7847736269303914,
    "vibration_current": 0.4283169904515353,
    "vibration_trend": -0.449279607734036,
    "vibration_volatility": -0.46128158342015335,
    "vibration_accumulation": 4.886088057749147,
    "vibration_moving_avg": 1.2181985868426148,
    "pressure_current": -0.007702324015027951,
    "pressure_trend": 0.18499316790546716,
    "pressure_volatility": 0.13101914473231763,
    "pressure_accumulation": 0.26266864341300744,
    "pressure_moving_avg": -0.07228280311500422
  },
  "model_loaded": true,
  "trained_at": "2026-04-29T15:38:34.294690"
}